{"assets/audio/snap.mp3":["assets/audio/snap.mp3"],"assets/icon.ico":["assets/icon.ico"],"assets/icon.png":["assets/icon.png"],"packages/cupertino_icons/assets/CupertinoIcons.ttf":["packages/cupertino_icons/assets/CupertinoIcons.ttf"],"packages/fluent_ui/assets/AcrylicNoise.png":["packages/fluent_ui/assets/AcrylicNoise.png"],"packages/fluent_ui/fonts/FluentIcons.ttf":["packages/fluent_ui/fonts/FluentIcons.ttf"],"packages/status_alert/assets/fonts/SFNS.ttf":["packages/status_alert/assets/fonts/SFNS.ttf"]}